,title,url
0,Politically Correct Bedtime Stories: Modern Tales for Our Life and Times,http://images.amazon.com/images/P/002542730X.01.LZZZZZZZ.jpg
1,The Poisonwood Bible: A Novel,http://images.amazon.com/images/P/0060930535.01.LZZZZZZZ.jpg
2,Bel Canto: A Novel,http://images.amazon.com/images/P/0060934417.01.LZZZZZZZ.jpg
3,One for the Money (Stephanie Plum Novels (Paperback)),https://dummyimage.com/200x200/000000/fff.png&text=No+Image+Preview
4,The Secret Garden,http://images.amazon.com/images/P/006440188X.01.LZZZZZZZ.jpg
5,The Tao of Pooh,http://images.amazon.com/images/P/0140067477.01.LZZZZZZZ.jpg
6,Girl in Hyacinth Blue,http://images.amazon.com/images/P/014029628X.01.LZZZZZZZ.jpg
7,Chocolat,http://images.amazon.com/images/P/014100018X.01.LZZZZZZZ.jpg
8,The Secret Life of Bees,http://images.amazon.com/images/P/0142001740.01.LZZZZZZZ.jpg
9,Three To Get Deadly : A Stephanie Plum Novel (A Stephanie Plum Novel),http://images.amazon.com/images/P/0312966091.01.LZZZZZZZ.jpg
10,Full Tilt (Janet Evanovich's Full Series),http://images.amazon.com/images/P/031298328X.01.LZZZZZZZ.jpg
11,Lucky : A Memoir,http://images.amazon.com/images/P/0316096199.01.LZZZZZZZ.jpg
12,The Dogs of Babel (Today Show Book Club #12),http://images.amazon.com/images/P/0316168688.01.LZZZZZZZ.jpg
13,White Oleander : A Novel (Oprah's Book Club),http://images.amazon.com/images/P/0316284955.01.LZZZZZZZ.jpg
14,White Oleander : A Novel,http://images.amazon.com/images/P/0316569321.01.LZZZZZZZ.jpg
15,The Jester,http://images.amazon.com/images/P/0316602051.01.LZZZZZZZ.jpg
16,The Lovely Bones: A Novel,http://images.amazon.com/images/P/0316666343.01.LZZZZZZZ.jpg
17,Me Talk Pretty One Day,http://images.amazon.com/images/P/0316776963.01.LZZZZZZZ.jpg
18,Naked,http://images.amazon.com/images/P/0316777730.01.LZZZZZZZ.jpg
19,The Hobbit : The Enchanting Prelude to The Lord of the Rings,http://images.amazon.com/images/P/0345339681.01.LZZZZZZZ.jpg
20,A Prayer for Owen Meany,http://images.amazon.com/images/P/0345361792.01.LZZZZZZZ.jpg
21,Silent Witness,http://images.amazon.com/images/P/0345404769.01.LZZZZZZZ.jpg
22,No Safe Place,http://images.amazon.com/images/P/0345404777.01.LZZZZZZZ.jpg
23,The Murder Book,http://images.amazon.com/images/P/0345413903.01.LZZZZZZZ.jpg
24,Middlesex: A Novel,http://images.amazon.com/images/P/0374199698.01.LZZZZZZZ.jpg
25,Postmortem,http://images.amazon.com/images/P/0380710218.01.LZZZZZZZ.jpg
26,All That Remains (Kay Scarpetta Mysteries (Paperback)),http://images.amazon.com/images/P/0380718332.01.LZZZZZZZ.jpg
27,The Rainmaker,http://images.amazon.com/images/P/0385424736.01.LZZZZZZZ.jpg
28,"Tuesdays with Morrie: An Old Man, a Young Man, and Life's Greatest Lesson",http://images.amazon.com/images/P/0385484518.01.LZZZZZZZ.jpg
29,Into the Wild,http://images.amazon.com/images/P/0385486804.01.LZZZZZZZ.jpg
30,Oryx and Crake,http://images.amazon.com/images/P/0385503857.01.LZZZZZZZ.jpg
31,The Da Vinci Code,http://images.amazon.com/images/P/0385504209.01.LZZZZZZZ.jpg
32,Lord of the Flies,http://images.amazon.com/images/P/0399501487.01.LZZZZZZZ.jpg
33,Watchers,http://images.amazon.com/images/P/0425107469.01.LZZZZZZZ.jpg
34,Mortal Fear,https://dummyimage.com/200x200/000000/fff.png&text=No+Image+Preview
35,Lightning,http://images.amazon.com/images/P/0425115801.01.LZZZZZZZ.jpg
36,The Cardinal of the Kremlin (Jack Ryan Novels),http://images.amazon.com/images/P/0425116840.01.LZZZZZZZ.jpg
37,Rules of Prey,http://images.amazon.com/images/P/0425121631.01.LZZZZZZZ.jpg
38,Mind Prey,http://images.amazon.com/images/P/0425152898.01.LZZZZZZZ.jpg
39,From Potter's Field,http://images.amazon.com/images/P/0425154092.01.LZZZZZZZ.jpg
40,Contagion,http://images.amazon.com/images/P/0425155943.01.LZZZZZZZ.jpg
41,Cause of Death,http://images.amazon.com/images/P/0425158616.01.LZZZZZZZ.jpg
42,Certain Prey,http://images.amazon.com/images/P/0425174271.01.LZZZZZZZ.jpg
43,Black Notice,http://images.amazon.com/images/P/0425175405.01.LZZZZZZZ.jpg
44,Harry Potter and the Chamber of Secrets (Book 2),http://images.amazon.com/images/P/0439064872.01.LZZZZZZZ.jpg
45,Harry Potter and the Prisoner of Azkaban (Book 3),http://images.amazon.com/images/P/0439136369.01.LZZZZZZZ.jpg
46,Harry Potter and the Sorcerer's Stone (Book 1),http://images.amazon.com/images/P/043936213X.01.LZZZZZZZ.jpg
47,The Promise,http://images.amazon.com/images/P/0440170796.01.LZZZZZZZ.jpg
48,Secrets,http://images.amazon.com/images/P/0440176484.01.LZZZZZZZ.jpg
49,Wanderlust,http://images.amazon.com/images/P/0440193613.01.LZZZZZZZ.jpg
50,Guardian Angel,http://images.amazon.com/images/P/0440213991.01.LZZZZZZZ.jpg
51,Vanished,http://images.amazon.com/images/P/0440217466.01.LZZZZZZZ.jpg
52,The Partner,http://images.amazon.com/images/P/0440224764.01.LZZZZZZZ.jpg
53,The Street Lawyer,http://images.amazon.com/images/P/0440225701.01.LZZZZZZZ.jpg
54,Tell No One,http://images.amazon.com/images/P/0440236703.01.LZZZZZZZ.jpg
55,The Summons,http://images.amazon.com/images/P/0440241073.01.LZZZZZZZ.jpg
56,Presumed Innocent,https://dummyimage.com/200x200/000000/fff.png&text=No+Image+Preview
57,Blood Work,http://images.amazon.com/images/P/0446602620.01.LZZZZZZZ.jpg
58,Hide &amp; Seek,http://images.amazon.com/images/P/0446603716.01.LZZZZZZZ.jpg
59,Jack &amp; Jill (Alex Cross Novels),http://images.amazon.com/images/P/0446604801.01.LZZZZZZZ.jpg
60,Unspeakable,http://images.amazon.com/images/P/0446607193.01.LZZZZZZZ.jpg
61,Saving Faith,http://images.amazon.com/images/P/0446608890.01.LZZZZZZZ.jpg
62,Violets Are Blue,http://images.amazon.com/images/P/0446611212.01.LZZZZZZZ.jpg
63,J Is for Judgment,http://images.amazon.com/images/P/0449221482.01.LZZZZZZZ.jpg
64,K Is for Killer (Kinsey Millhone Mysteries (Paperback)),http://images.amazon.com/images/P/0449221504.01.LZZZZZZZ.jpg
65,Misery,http://images.amazon.com/images/P/0451169522.01.LZZZZZZZ.jpg
66,Dolores Claiborne,http://images.amazon.com/images/P/0451177096.01.LZZZZZZZ.jpg
67,The Edge,http://images.amazon.com/images/P/0515128600.01.LZZZZZZZ.jpg
68,Heaven and Earth (Three Sisters Island Trilogy),http://images.amazon.com/images/P/0515132020.01.LZZZZZZZ.jpg
69,Hemlock Bay,http://images.amazon.com/images/P/0515133302.01.LZZZZZZZ.jpg
70,The Prince of Tides,http://images.amazon.com/images/P/0553268880.01.LZZZZZZZ.jpg
71,D Is for Deadbeat (Kinsey Millhone Mysteries (Paperback)),http://images.amazon.com/images/P/0553271636.01.LZZZZZZZ.jpg
72,Where the Red Fern Grows,http://images.amazon.com/images/P/0553274295.01.LZZZZZZZ.jpg
73,E Is for Evidence: A Kinsey Millhone Mystery (Kinsey Millhone Mysteries (Paperback)),http://images.amazon.com/images/P/0553279556.01.LZZZZZZZ.jpg
74,B Is for Burglar (Kinsey Millhone Mysteries (Paperback)),http://images.amazon.com/images/P/0553280341.01.LZZZZZZZ.jpg
75,C Is for Corpse (Kinsey Millhone Mysteries (Paperback)),http://images.amazon.com/images/P/0553280368.01.LZZZZZZZ.jpg
76,Long After Midnight,http://images.amazon.com/images/P/0553571818.01.LZZZZZZZ.jpg
77,The Alienist,http://images.amazon.com/images/P/0553572997.01.LZZZZZZZ.jpg
78,One Door Away from Heaven,http://images.amazon.com/images/P/0553582755.01.LZZZZZZZ.jpg
79,Reap the Wind,http://images.amazon.com/images/P/0553586122.01.LZZZZZZZ.jpg
80,By the Light of the Moon,http://images.amazon.com/images/P/0553801430.01.LZZZZZZZ.jpg
81,The Sweet Potato Queens' Book of Love,http://images.amazon.com/images/P/0609804138.01.LZZZZZZZ.jpg
82,Two for the Dough,http://images.amazon.com/images/P/0671001795.01.LZZZZZZZ.jpg
83,The God of Small Things,http://images.amazon.com/images/P/0679457313.01.LZZZZZZZ.jpg
84,Flesh and Blood,http://images.amazon.com/images/P/0679459626.01.LZZZZZZZ.jpg
85,A Year in Provence,http://images.amazon.com/images/P/0679731148.01.LZZZZZZZ.jpg
86,Midnight in the Garden of Good and Evil,http://images.amazon.com/images/P/0679751521.01.LZZZZZZZ.jpg
87,Angela's Ashes (MMP) : A Memoir,http://images.amazon.com/images/P/0684872153.01.LZZZZZZZ.jpg
88,The Sands of Time,https://dummyimage.com/200x200/000000/fff.png&text=No+Image+Preview
89,If Only It Were True,http://images.amazon.com/images/P/0743406176.01.LZZZZZZZ.jpg
90,Pay It Forward,http://images.amazon.com/images/P/0743412028.01.LZZZZZZZ.jpg
91,The Kitchen God's Wife,http://images.amazon.com/images/P/080410753X.01.LZZZZZZZ.jpg
92,Saint Maybe,http://images.amazon.com/images/P/0804108749.01.LZZZZZZZ.jpg
93,A Patchwork Planet,http://images.amazon.com/images/P/080411918X.01.LZZZZZZZ.jpg
94,Wild Animus,http://images.amazon.com/images/P/0971880107.01.LZZZZZZZ.jpg
95,Tears of the Giraffe (No.1 Ladies Detective Agency),http://images.amazon.com/images/P/1400031354.01.LZZZZZZZ.jpg
96,The No. 1 Ladies' Detective Agency (Today Show Book Club #8),http://images.amazon.com/images/P/1400034779.01.LZZZZZZZ.jpg
97,The Queen of the Damned (Vampire Chronicles (Paperback)),http://images.amazon.com/images/P/0345351525.01.LZZZZZZZ.jpg
98,While I Was Gone,http://images.amazon.com/images/P/0345443284.01.LZZZZZZZ.jpg
99,Night Prey,http://images.amazon.com/images/P/0425146413.01.LZZZZZZZ.jpg
100,Chromosome 6,http://images.amazon.com/images/P/0425161242.01.LZZZZZZZ.jpg
101,Point of Origin,http://images.amazon.com/images/P/0425169863.01.LZZZZZZZ.jpg
102,The Testament,http://images.amazon.com/images/P/0440234743.01.LZZZZZZZ.jpg
103,When the Wind Blows,http://images.amazon.com/images/P/0446607657.01.LZZZZZZZ.jpg
104,A Thousand Acres (Ballantine Reader's Circle),http://images.amazon.com/images/P/0449907481.01.LZZZZZZZ.jpg
105,All Creatures Great and Small,https://dummyimage.com/200x200/000000/fff.png&text=No+Image+Preview
106,Ashes to Ashes,http://images.amazon.com/images/P/0553579606.01.LZZZZZZZ.jpg
107,Fear Nothing,http://images.amazon.com/images/P/0553579754.01.LZZZZZZZ.jpg
108,Seize the Night,http://images.amazon.com/images/P/0553580191.01.LZZZZZZZ.jpg
109,She's Come Undone (Oprah's Book Club (Paperback)),http://images.amazon.com/images/P/0671003755.01.LZZZZZZZ.jpg
110,I'll Be Seeing You,http://images.amazon.com/images/P/0671888587.01.LZZZZZZZ.jpg
111,"Artemis Fowl (Artemis Fowl, Book 1)",http://images.amazon.com/images/P/0786817879.01.LZZZZZZZ.jpg
112,The Five People You Meet in Heaven,http://images.amazon.com/images/P/0786868716.01.LZZZZZZZ.jpg
113,All I Really Need to Know,http://images.amazon.com/images/P/080410526X.01.LZZZZZZZ.jpg
114,Disclosure,http://images.amazon.com/images/P/0345391055.01.LZZZZZZZ.jpg
115,Dark Rivers of the Heart,http://images.amazon.com/images/P/034539657X.01.LZZZZZZZ.jpg
116,"Whirlwind (Tyler, Book 1)",https://dummyimage.com/200x200/000000/fff.png&text=No+Image+Preview
117,Rainbow Six,http://images.amazon.com/images/P/0375402675.01.LZZZZZZZ.jpg
118,Mystic River,http://images.amazon.com/images/P/0380731851.01.LZZZZZZZ.jpg
119,Shadow Prey,http://images.amazon.com/images/P/0425126064.01.LZZZZZZZ.jpg
120,The Sum of All Fears (Jack Ryan Novels),http://images.amazon.com/images/P/0425133540.01.LZZZZZZZ.jpg
121,Tom Clancy's Op-Center (Tom Clancy's Op Center (Paperback)),http://images.amazon.com/images/P/0425147363.01.LZZZZZZZ.jpg
122,Hornet's Nest,http://images.amazon.com/images/P/042516098X.01.LZZZZZZZ.jpg
123,A Time to Kill,http://images.amazon.com/images/P/0440211727.01.LZZZZZZZ.jpg
124,Heartbeat,http://images.amazon.com/images/P/0440211891.01.LZZZZZZZ.jpg
125,The Client,http://images.amazon.com/images/P/0440213525.01.LZZZZZZZ.jpg
126,The Pelican Brief,http://images.amazon.com/images/P/0440214041.01.LZZZZZZZ.jpg
127,Smilla's Sense of Snow,http://images.amazon.com/images/P/0440218535.01.LZZZZZZZ.jpg
128,The Horse Whisperer,http://images.amazon.com/images/P/0440222656.01.LZZZZZZZ.jpg
129,2nd Chance,http://images.amazon.com/images/P/0446612790.01.LZZZZZZZ.jpg
130,Alaska,http://images.amazon.com/images/P/0449217264.01.LZZZZZZZ.jpg
131,Pet Sematary,https://dummyimage.com/200x200/000000/fff.png&text=No+Image+Preview
132,Four Past Midnight,http://images.amazon.com/images/P/0451170385.01.LZZZZZZZ.jpg
133,Fat Tuesday,http://images.amazon.com/images/P/0553478257.01.LZZZZZZZ.jpg
134,Hideaway,https://dummyimage.com/200x200/000000/fff.png&text=No+Image+Preview
135,We'll Meet Again,http://images.amazon.com/images/P/0671004565.01.LZZZZZZZ.jpg
136,Mercy,http://images.amazon.com/images/P/0671034022.01.LZZZZZZZ.jpg
137,"Men Are from Mars, Women Are from Venus: A Practical Guide for Improving Communication and Getting What You Want in Your Relationships",http://images.amazon.com/images/P/006016848X.01.LZZZZZZZ.jpg
138,Charlotte's Web (Trophy Newbery),http://images.amazon.com/images/P/0064400557.01.LZZZZZZZ.jpg
139,Songs in Ordinary Time (Oprah's Book Club (Paperback)),http://images.amazon.com/images/P/0140244824.01.LZZZZZZZ.jpg
140,At Home in Mitford (The Mitford Years),http://images.amazon.com/images/P/014025448X.01.LZZZZZZZ.jpg
141,Matilda,http://images.amazon.com/images/P/014034294X.01.LZZZZZZZ.jpg
142,The Little Prince,http://images.amazon.com/images/P/0156528207.01.LZZZZZZZ.jpg
143,Coming Home,http://images.amazon.com/images/P/0312958129.01.LZZZZZZZ.jpg
144,Welcome to Temptation,http://images.amazon.com/images/P/0312974256.01.LZZZZZZZ.jpg
145,"The Vampire Lestat (Vampire Chronicles, Book II)",http://images.amazon.com/images/P/0345313860.01.LZZZZZZZ.jpg
146,Beloved,http://images.amazon.com/images/P/0345327853.01.LZZZZZZZ.jpg
147,The Princess Bride: S Morgenstern's Classic Tale of True Love and High Adventure,http://images.amazon.com/images/P/0345348036.01.LZZZZZZZ.jpg
148,Foucault's Pendulum,http://images.amazon.com/images/P/0345368754.01.LZZZZZZZ.jpg
149,Rising Sun,http://images.amazon.com/images/P/0345380371.01.LZZZZZZZ.jpg
150,Degree of Guilt,http://images.amazon.com/images/P/034538184X.01.LZZZZZZZ.jpg
151,Icebound,http://images.amazon.com/images/P/0345384350.01.LZZZZZZZ.jpg
152,The Witching Hour (Lives of the Mayfair Witches),http://images.amazon.com/images/P/0345384466.01.LZZZZZZZ.jpg
153,The Tale of the Body Thief (Vampire Chronicles (Paperback)),http://images.amazon.com/images/P/034538475X.01.LZZZZZZZ.jpg
154,Sleepers,http://images.amazon.com/images/P/0345404114.01.LZZZZZZZ.jpg
155,The Genesis Code,http://images.amazon.com/images/P/0345422317.01.LZZZZZZZ.jpg
156,Irish Hearts,http://images.amazon.com/images/P/0373484003.01.LZZZZZZZ.jpg
157,A Man in Full,http://images.amazon.com/images/P/0374270325.01.LZZZZZZZ.jpg
158,A Lesson Before Dying (Vintage Contemporaries (Paperback)),http://images.amazon.com/images/P/0375702709.01.LZZZZZZZ.jpg
159,Ellen Foster,http://images.amazon.com/images/P/0375703055.01.LZZZZZZZ.jpg
160,A Heartbreaking Work of Staggering Genius,http://images.amazon.com/images/P/0375725784.01.LZZZZZZZ.jpg
161,Watership Down,http://images.amazon.com/images/P/0380002930.01.LZZZZZZZ.jpg
162,The Thorn Birds,http://images.amazon.com/images/P/0380018179.01.LZZZZZZZ.jpg
163,Dr. Atkins' New Diet Revolution,http://images.amazon.com/images/P/0380727293.01.LZZZZZZZ.jpg
164,American Gods,http://images.amazon.com/images/P/0380789035.01.LZZZZZZZ.jpg
165,The Book of Ruth (Oprah's Book Club (Paperback)),http://images.amazon.com/images/P/0385265700.01.LZZZZZZZ.jpg
166,No Greater Love,http://images.amazon.com/images/P/0385299095.01.LZZZZZZZ.jpg
167,"Like Water for Chocolate: A Novel in Monthly Installments, With Recipes, Romances, and Home Remedies",http://images.amazon.com/images/P/0385420161.01.LZZZZZZZ.jpg
168,Into Thin Air : A Personal Account of the Mt. Everest Disaster,http://images.amazon.com/images/P/0385492081.01.LZZZZZZZ.jpg
169,A Painted House,http://images.amazon.com/images/P/038550120X.01.LZZZZZZZ.jpg
170,Balzac and the Little Chinese Seamstress : A Novel,http://images.amazon.com/images/P/0385722206.01.LZZZZZZZ.jpg
171,The Phantom Tollbooth,http://images.amazon.com/images/P/0394820371.01.LZZZZZZZ.jpg
172,Dragon Tears,http://images.amazon.com/images/P/0399137734.01.LZZZZZZZ.jpg
173,Midnight,http://images.amazon.com/images/P/0425118703.01.LZZZZZZZ.jpg
174,The Hunt for Red October,https://dummyimage.com/200x200/000000/fff.png&text=No+Image+Preview
175,Turtle Moon,http://images.amazon.com/images/P/042513699X.01.LZZZZZZZ.jpg
176,Fatal Cure,http://images.amazon.com/images/P/0425145638.01.LZZZZZZZ.jpg
177,The Body Farm,http://images.amazon.com/images/P/0425147622.01.LZZZZZZZ.jpg
178,Acceptable Risk,http://images.amazon.com/images/P/0425151867.01.LZZZZZZZ.jpg
179,Invasion,http://images.amazon.com/images/P/0425155404.01.LZZZZZZZ.jpg
180,Sudden Prey,http://images.amazon.com/images/P/0425157539.01.LZZZZZZZ.jpg
181,Executive Orders (Jack Ryan Novels),http://images.amazon.com/images/P/0425158632.01.LZZZZZZZ.jpg
182,Breathing Lessons,http://images.amazon.com/images/P/042516313X.01.LZZZZZZZ.jpg
183,Big Trouble,http://images.amazon.com/images/P/0425178102.01.LZZZZZZZ.jpg
184,Purity in Death,http://images.amazon.com/images/P/042518630X.01.LZZZZZZZ.jpg
185,Family Album,http://images.amazon.com/images/P/0440124344.01.LZZZZZZZ.jpg
186,Red Dragon,http://images.amazon.com/images/P/0440206154.01.LZZZZZZZ.jpg
187,Daddy,http://images.amazon.com/images/P/0440207622.01.LZZZZZZZ.jpg
188,The Firm,http://images.amazon.com/images/P/044021145X.01.LZZZZZZZ.jpg
189,A Wrinkle in Time,https://dummyimage.com/200x200/000000/fff.png&text=No+Image+Preview
190,The Chamber,http://images.amazon.com/images/P/0440220602.01.LZZZZZZZ.jpg
191,Five Days in Paris,http://images.amazon.com/images/P/0440222842.01.LZZZZZZZ.jpg
192,The Return Journey,http://images.amazon.com/images/P/0440224594.01.LZZZZZZZ.jpg
193,Mirror Image,http://images.amazon.com/images/P/0440224772.01.LZZZZZZZ.jpg
194,Summer Sisters,http://images.amazon.com/images/P/0440226430.01.LZZZZZZZ.jpg
195,Tara Road,http://images.amazon.com/images/P/0440235596.01.LZZZZZZZ.jpg
196,The Brethren,http://images.amazon.com/images/P/0440236673.01.LZZZZZZZ.jpg
197,The Kiss,http://images.amazon.com/images/P/044023669X.01.LZZZZZZZ.jpg
198,To Kill a Mockingbird,http://images.amazon.com/images/P/0446310786.01.LZZZZZZZ.jpg
199,"Scarlett : The Sequel to Margaret Mitchell's \Gone With the Wind\""""",http://images.amazon.com/images/P/0446363251.01.LZZZZZZZ.jpg
200,Along Came a Spider (Alex Cross Novels),http://images.amazon.com/images/P/0446364193.01.LZZZZZZZ.jpg
201,The General's Daughter,http://images.amazon.com/images/P/0446364800.01.LZZZZZZZ.jpg
202,The Witness,http://images.amazon.com/images/P/0446516317.01.LZZZZZZZ.jpg
203,The Bridges of Madison County,http://images.amazon.com/images/P/044651652X.01.LZZZZZZZ.jpg
204,The Notebook,http://images.amazon.com/images/P/0446520802.01.LZZZZZZZ.jpg
205,Message in a Bottle,http://images.amazon.com/images/P/0446523569.01.LZZZZZZZ.jpg
206,Slow Waltz in Cedar Bend,http://images.amazon.com/images/P/0446601640.01.LZZZZZZZ.jpg
207,Primary Colors: A Novel of Politics,http://images.amazon.com/images/P/0446604275.01.LZZZZZZZ.jpg
208,A Walk to Remember,http://images.amazon.com/images/P/0446608955.01.LZZZZZZZ.jpg
209,Standoff,http://images.amazon.com/images/P/0446609617.01.LZZZZZZZ.jpg
210,Where the Heart Is (Oprah's Book Club (Paperback)),http://images.amazon.com/images/P/0446672211.01.LZZZZZZZ.jpg
211,Master of the Game,https://dummyimage.com/200x200/000000/fff.png&text=No+Image+Preview
212,Catering to Nobody,http://images.amazon.com/images/P/044922046X.01.LZZZZZZZ.jpg
213,Christine,https://dummyimage.com/200x200/000000/fff.png&text=No+Image+Preview
214,Different Seasons,https://dummyimage.com/200x200/000000/fff.png&text=No+Image+Preview
215,Over the Edge,https://dummyimage.com/200x200/000000/fff.png&text=No+Image+Preview
216,The Dead Zone,http://images.amazon.com/images/P/0451155750.01.LZZZZZZZ.jpg
217,The Tommyknockers,http://images.amazon.com/images/P/0451156609.01.LZZZZZZZ.jpg
218,"The Gunslinger (The Dark Tower, Book 1)",http://images.amazon.com/images/P/0451160525.01.LZZZZZZZ.jpg
219,Needful Things,http://images.amazon.com/images/P/0451172817.01.LZZZZZZZ.jpg
220,Gerald's Game,http://images.amazon.com/images/P/0451176464.01.LZZZZZZZ.jpg
221,The Door to December,http://images.amazon.com/images/P/0451181379.01.LZZZZZZZ.jpg
222,A Case of Need,http://images.amazon.com/images/P/0451183665.01.LZZZZZZZ.jpg
223,Insomnia,http://images.amazon.com/images/P/0451184963.01.LZZZZZZZ.jpg
224,The Deep End of the Ocean,http://images.amazon.com/images/P/0451186923.01.LZZZZZZZ.jpg
225,Beloved (Plume Contemporary Fiction),http://images.amazon.com/images/P/0452264464.01.LZZZZZZZ.jpg
226,The Reef,http://images.amazon.com/images/P/051512608X.01.LZZZZZZZ.jpg
227,Jewels of the Sun (Irish Trilogy),http://images.amazon.com/images/P/0515126772.01.LZZZZZZZ.jpg
228,River's End,http://images.amazon.com/images/P/0515127833.01.LZZZZZZZ.jpg
229,Tears of the Moon (Irish Trilogy),http://images.amazon.com/images/P/0515128546.01.LZZZZZZZ.jpg
230,Carolina Moon,http://images.amazon.com/images/P/0515130389.01.LZZZZZZZ.jpg
231,Dance upon the Air (Three Sisters Island Trilogy),http://images.amazon.com/images/P/0515131229.01.LZZZZZZZ.jpg
232,The Regulators,http://images.amazon.com/images/P/0525941908.01.LZZZZZZZ.jpg
233,Couplehood,https://dummyimage.com/200x200/000000/fff.png&text=No+Image+Preview
234,I Know Why the Caged Bird Sings,https://dummyimage.com/200x200/000000/fff.png&text=No+Image+Preview
235,Night,http://images.amazon.com/images/P/0553272535.01.LZZZZZZZ.jpg
236,F Is for Fugitive (Kinsey Millhone Mysteries (Paperback)),http://images.amazon.com/images/P/0553284789.01.LZZZZZZZ.jpg
237,Night Sins,http://images.amazon.com/images/P/055356451X.01.LZZZZZZZ.jpg
238,The Clinic (Alex Delaware Novels (Paperback)),http://images.amazon.com/images/P/055357230X.01.LZZZZZZZ.jpg
239,False Memory,http://images.amazon.com/images/P/0553580221.01.LZZZZZZZ.jpg
240,Lake Wobegon Days,https://dummyimage.com/200x200/000000/fff.png&text=No+Image+Preview
241,The First Wives Club Movie Tie In,http://images.amazon.com/images/P/0671002481.01.LZZZZZZZ.jpg
242,My Gal Sunday,http://images.amazon.com/images/P/0671014919.01.LZZZZZZZ.jpg
243,Hearts In Atlantis,http://images.amazon.com/images/P/0671024248.01.LZZZZZZZ.jpg
244,Night Whispers,http://images.amazon.com/images/P/0671525743.01.LZZZZZZZ.jpg
245,Waiting to Exhale,http://images.amazon.com/images/P/0671537458.01.LZZZZZZZ.jpg
246,The Color Purple,https://dummyimage.com/200x200/000000/fff.png&text=No+Image+Preview
247,GARDEN OF SHADOWS (Dollanger Saga (Paperback)),https://dummyimage.com/200x200/000000/fff.png&text=No+Image+Preview
248,Dawn (Cutler),http://images.amazon.com/images/P/0671670689.01.LZZZZZZZ.jpg
249,"Loves Music, Loves to Dance",http://images.amazon.com/images/P/0671758896.01.LZZZZZZZ.jpg
250,Moonlight Becomes You,http://images.amazon.com/images/P/0671867113.01.LZZZZZZZ.jpg
251,A Cry In The Night,http://images.amazon.com/images/P/0671886665.01.LZZZZZZZ.jpg
252,Sole Survivor,http://images.amazon.com/images/P/0679425268.01.LZZZZZZZ.jpg
253,If Tomorrow Comes,http://images.amazon.com/images/P/0688042171.01.LZZZZZZZ.jpg
254,Dreamcatcher,http://images.amazon.com/images/P/074343627X.01.LZZZZZZZ.jpg
255,Daddy's Little Girl,http://images.amazon.com/images/P/0743460529.01.LZZZZZZZ.jpg
256,Don't Stand Too Close to a Naked Man,http://images.amazon.com/images/P/0786889020.01.LZZZZZZZ.jpg
257,Dangerous,https://dummyimage.com/200x200/000000/fff.png&text=No+Image+Preview
258,Call of the Wild,https://dummyimage.com/200x200/000000/fff.png&text=No+Image+Preview
259,The Alchemist: A Fable About Following Your Dream,http://images.amazon.com/images/P/0062502174.01.LZZZZZZZ.jpg
260,Bridget Jones's Diary,http://images.amazon.com/images/P/014028009X.01.LZZZZZZZ.jpg
261,Bridget Jones: The Edge of Reason,http://images.amazon.com/images/P/0140298479.01.LZZZZZZZ.jpg
262,The Hours: A Novel,http://images.amazon.com/images/P/0312305060.01.LZZZZZZZ.jpg
263,The Catcher in the Rye,http://images.amazon.com/images/P/0316769487.01.LZZZZZZZ.jpg
264,The Mists of Avalon,http://images.amazon.com/images/P/0345350499.01.LZZZZZZZ.jpg
265,The Cider House Rules,http://images.amazon.com/images/P/0345387651.01.LZZZZZZZ.jpg
266,Table For Two,http://images.amazon.com/images/P/0373218400.01.LZZZZZZZ.jpg
267,House of Sand and Fog,http://images.amazon.com/images/P/0375727345.01.LZZZZZZZ.jpg
268,"The Amber Spyglass (His Dark Materials, Book 3)",http://images.amazon.com/images/P/0375823352.01.LZZZZZZZ.jpg
269,"The Golden Compass (His Dark Materials, Book 1)",http://images.amazon.com/images/P/037582345X.01.LZZZZZZZ.jpg
270,"The Subtle Knife (His Dark Materials, Book 2)",http://images.amazon.com/images/P/0375823468.01.LZZZZZZZ.jpg
271,Neverwhere,http://images.amazon.com/images/P/0380789019.01.LZZZZZZZ.jpg
272,Coraline,http://images.amazon.com/images/P/0380977788.01.LZZZZZZZ.jpg
273,"Like Water for Chocolate : A Novel in Monthly Installments with Recipes, Romances, and Home Remedies",http://images.amazon.com/images/P/038542017X.01.LZZZZZZZ.jpg
274,The Bonesetter's Daughter,http://images.amazon.com/images/P/0399146431.01.LZZZZZZZ.jpg
275,The Accidental Tourist,http://images.amazon.com/images/P/0425092917.01.LZZZZZZZ.jpg
276,Harry Potter and the Goblet of Fire (Book 4),http://images.amazon.com/images/P/0439139597.01.LZZZZZZZ.jpg
277,Harry Potter and the Order of the Phoenix (Book 5),http://images.amazon.com/images/P/043935806X.01.LZZZZZZZ.jpg
278,Circle of Friends,http://images.amazon.com/images/P/0440211263.01.LZZZZZZZ.jpg
279,Good Omens,http://images.amazon.com/images/P/0441003257.01.LZZZZZZZ.jpg
280,Neuromancer (Remembering Tomorrow),http://images.amazon.com/images/P/0441569595.01.LZZZZZZZ.jpg
281,A Bend in the Road,http://images.amazon.com/images/P/0446527785.01.LZZZZZZZ.jpg
282,Thinner,https://dummyimage.com/200x200/000000/fff.png&text=No+Image+Preview
283,The Dark Half,http://images.amazon.com/images/P/0451167317.01.LZZZZZZZ.jpg
284,1984,http://images.amazon.com/images/P/0451524934.01.LZZZZZZZ.jpg
285,Animal Farm,http://images.amazon.com/images/P/0451526341.01.LZZZZZZZ.jpg
286,Girl with a Pearl Earring,http://images.amazon.com/images/P/0452282152.01.LZZZZZZZ.jpg
287,Rising Tides,http://images.amazon.com/images/P/051512317X.01.LZZZZZZZ.jpg
288,Face the Fire (Three Sisters Island Trilogy),http://images.amazon.com/images/P/051513287X.01.LZZZZZZZ.jpg
289,The Clan of the Cave Bear (Earth's Children (Paperback)),http://images.amazon.com/images/P/0553250426.01.LZZZZZZZ.jpg
290,The Valley of Horses,http://images.amazon.com/images/P/0553250531.01.LZZZZZZZ.jpg
291,Sacred Sins,http://images.amazon.com/images/P/0553265741.01.LZZZZZZZ.jpg
292,"The Fellowship of the Ring (The Lord of the Rings, Part 1)",http://images.amazon.com/images/P/0618002227.01.LZZZZZZZ.jpg
293,"The Two Towers (The Lord of the Rings, Part 2)",http://images.amazon.com/images/P/0618002235.01.LZZZZZZZ.jpg
294,She's Come Undone (Oprah's Book Club),http://images.amazon.com/images/P/0671021001.01.LZZZZZZZ.jpg
295,Possession : A Romance,http://images.amazon.com/images/P/0679735909.01.LZZZZZZZ.jpg
296,Snow Falling on Cedars,http://images.amazon.com/images/P/067976402X.01.LZZZZZZZ.jpg
297,ANGELA'S ASHES,http://images.amazon.com/images/P/0684874350.01.LZZZZZZZ.jpg
298,The Shipping News : A Novel,http://images.amazon.com/images/P/0743225406.01.LZZZZZZZ.jpg
299,The Joy Luck Club,http://images.amazon.com/images/P/0804106304.01.LZZZZZZZ.jpg
300,The Eight,http://images.amazon.com/images/P/0345366239.01.LZZZZZZZ.jpg
301,The Apprentice,http://images.amazon.com/images/P/0345447867.01.LZZZZZZZ.jpg
302,Skipping Christmas,http://images.amazon.com/images/P/0385505833.01.LZZZZZZZ.jpg
303,Southern Cross,http://images.amazon.com/images/P/0425172546.01.LZZZZZZZ.jpg
304,Isle of Dogs,http://images.amazon.com/images/P/0425182908.01.LZZZZZZZ.jpg
305,The Gift,https://dummyimage.com/200x200/000000/fff.png&text=No+Image+Preview
306,The Runaway Jury,http://images.amazon.com/images/P/0440221471.01.LZZZZZZZ.jpg
307,The King of Torts,http://images.amazon.com/images/P/0440241537.01.LZZZZZZZ.jpg
308,Roses Are Red (Alex Cross Novels),http://images.amazon.com/images/P/0446605484.01.LZZZZZZZ.jpg
309,Cradle and All,http://images.amazon.com/images/P/0446609404.01.LZZZZZZZ.jpg
310,The Handmaid's Tale,http://images.amazon.com/images/P/0449212602.01.LZZZZZZZ.jpg
311,The Bourne Supremacy,http://images.amazon.com/images/P/0553263226.01.LZZZZZZZ.jpg
312,The Bourne Ultimatum,http://images.amazon.com/images/P/0553287737.01.LZZZZZZZ.jpg
313,Dust to Dust,http://images.amazon.com/images/P/0553582526.01.LZZZZZZZ.jpg
314,Touching Evil,http://images.amazon.com/images/P/0553583441.01.LZZZZZZZ.jpg
315,The Hitchhiker's Guide to the Galaxy,https://dummyimage.com/200x200/000000/fff.png&text=No+Image+Preview
316,Midnight in the Garden of Good and Evil: A Savannah Story,http://images.amazon.com/images/P/0679429220.01.LZZZZZZZ.jpg
317,Nickel and Dimed: On (Not) Getting By in America,http://images.amazon.com/images/P/0805063897.01.LZZZZZZZ.jpg
318,Stupid White Men ...and Other Sorry Excuses for the State of the Nation!,http://images.amazon.com/images/P/0060392452.01.LZZZZZZZ.jpg
319,Five Quarters of the Orange,http://images.amazon.com/images/P/0060958022.01.LZZZZZZZ.jpg
320,Congo,http://images.amazon.com/images/P/0345378490.01.LZZZZZZZ.jpg
321,Intensity,http://images.amazon.com/images/P/0345384369.01.LZZZZZZZ.jpg
322,It's Always Something,http://images.amazon.com/images/P/0380710722.01.LZZZZZZZ.jpg
323,Strangers,http://images.amazon.com/images/P/0425181111.01.LZZZZZZZ.jpg
324,The Copper Beech,http://images.amazon.com/images/P/0440213290.01.LZZZZZZZ.jpg
325,The Giver (21st Century Reference),http://images.amazon.com/images/P/0440219078.01.LZZZZZZZ.jpg
326,The Glass Lake,http://images.amazon.com/images/P/0440221595.01.LZZZZZZZ.jpg
327,The Long Road Home,http://images.amazon.com/images/P/0440224837.01.LZZZZZZZ.jpg
328,Tales of a Fourth Grade Nothing,http://images.amazon.com/images/P/044048474X.01.LZZZZZZZ.jpg
329,A Wrinkle In Time,http://images.amazon.com/images/P/0440498058.01.LZZZZZZZ.jpg
330,Seabiscuit: An American Legend,http://images.amazon.com/images/P/0449005615.01.LZZZZZZZ.jpg
331,A Is for Alibi (Kinsey Millhone Mysteries (Paperback)),http://images.amazon.com/images/P/0553279912.01.LZZZZZZZ.jpg
332,SHIPPING NEWS,http://images.amazon.com/images/P/0671510053.01.LZZZZZZZ.jpg
333,Lucky Man: A Memoir,http://images.amazon.com/images/P/0786867647.01.LZZZZZZZ.jpg
334,Angels,https://dummyimage.com/200x200/000000/fff.png&text=No+Image+Preview
335,The Color of Water: A Black Man's Tribute to His White Mother,http://images.amazon.com/images/P/1573225789.01.LZZZZZZZ.jpg
336,Year of Wonders,http://images.amazon.com/images/P/0142001430.01.LZZZZZZZ.jpg
337,Jurassic Park,http://images.amazon.com/images/P/0345370775.01.LZZZZZZZ.jpg
338,Drowning Ruth,http://images.amazon.com/images/P/0345460359.01.LZZZZZZZ.jpg
339,"Breath, Eyes, Memory",http://images.amazon.com/images/P/037570504X.01.LZZZZZZZ.jpg
340,Stillwatch,https://dummyimage.com/200x200/000000/fff.png&text=No+Image+Preview
341,A Man Named Dave: A Story of Triumph and Forgiveness,http://images.amazon.com/images/P/0525945210.01.LZZZZZZZ.jpg
342,The Robber Bride,http://images.amazon.com/images/P/0553569058.01.LZZZZZZZ.jpg
343,Watermelon,http://images.amazon.com/images/P/0060090367.01.LZZZZZZZ.jpg
344,The Boy Next Door,http://images.amazon.com/images/P/0060096195.01.LZZZZZZZ.jpg
345,The Poisonwood Bible,http://images.amazon.com/images/P/0060175400.01.LZZZZZZZ.jpg
346,The Divine Secrets of the Ya-Ya Sisterhood: A Novel,http://images.amazon.com/images/P/0060502258.01.LZZZZZZZ.jpg
347,Divine Secrets of the Ya-Ya Sisterhood: A Novel,http://images.amazon.com/images/P/0060928336.01.LZZZZZZZ.jpg
348,Little Altars Everywhere: A Novel,http://images.amazon.com/images/P/0060976845.01.LZZZZZZZ.jpg
349,Wicked: The Life and Times of the Wicked Witch of the West,http://images.amazon.com/images/P/0060987103.01.LZZZZZZZ.jpg
350,Confessions of an Ugly Stepsister : A Novel,http://images.amazon.com/images/P/0060987529.01.LZZZZZZZ.jpg
351,"Angus, Thongs and Full-Frontal Snogging: Confessions of Georgia Nicolson",http://images.amazon.com/images/P/0064472272.01.LZZZZZZZ.jpg
352,Fried Green Tomatoes at the Whistle Stop Cafe,http://images.amazon.com/images/P/0070212570.01.LZZZZZZZ.jpg
353,The Girls' Guide to Hunting and Fishing,http://images.amazon.com/images/P/0140293248.01.LZZZZZZZ.jpg
354,The Nanny Diaries: A Novel,http://images.amazon.com/images/P/0312278586.01.LZZZZZZZ.jpg
355,Interview with the Vampire,http://images.amazon.com/images/P/0345337662.01.LZZZZZZZ.jpg
356,How to Make an American Quilt,http://images.amazon.com/images/P/0345388968.01.LZZZZZZZ.jpg
357,Timeline,http://images.amazon.com/images/P/0345417623.01.LZZZZZZZ.jpg
358,Vittorio the Vampire: New Tales of the Vampires,http://images.amazon.com/images/P/0345422392.01.LZZZZZZZ.jpg
359,Big Cherry Holler: A Big Stone Gap Novel (Ballantine Reader's Circle),http://images.amazon.com/images/P/0345445848.01.LZZZZZZZ.jpg
360,Plainsong (Vintage Contemporaries),http://images.amazon.com/images/P/0375705856.01.LZZZZZZZ.jpg
361,Midwives: A Novel,http://images.amazon.com/images/P/0375706771.01.LZZZZZZZ.jpg
362,Empire Falls,http://images.amazon.com/images/P/0375726403.01.LZZZZZZZ.jpg
363,Last Chance Saloon,http://images.amazon.com/images/P/0380820293.01.LZZZZZZZ.jpg
364,Confessions of a Shopaholic (Summer Display Opportunity),http://images.amazon.com/images/P/0385335482.01.LZZZZZZZ.jpg
365,Shopaholic Takes Manhattan (Summer Display Opportunity),http://images.amazon.com/images/P/0385335881.01.LZZZZZZZ.jpg
366,The Talisman,http://images.amazon.com/images/P/0425105334.01.LZZZZZZZ.jpg
367,Abduction,http://images.amazon.com/images/P/042517736X.01.LZZZZZZZ.jpg
368,Hannibal,http://images.amazon.com/images/P/0440224675.01.LZZZZZZZ.jpg
369,Daisy Fay and the Miracle Man,http://images.amazon.com/images/P/0446394521.01.LZZZZZZZ.jpg
370,The Alibi,http://images.amazon.com/images/P/0446608653.01.LZZZZZZZ.jpg
371,The Honk and Holler Opening Soon,http://images.amazon.com/images/P/0446675059.01.LZZZZZZZ.jpg
372,Zen and the Art of Motorcycle Maintenance: An Inquiry into Values,http://images.amazon.com/images/P/0553277472.01.LZZZZZZZ.jpg
373,Winter Moon,http://images.amazon.com/images/P/0553582933.01.LZZZZZZZ.jpg
374,Body of Lies,http://images.amazon.com/images/P/0553800973.01.LZZZZZZZ.jpg
375,Temptation,http://images.amazon.com/images/P/0671002031.01.LZZZZZZZ.jpg
376,While My Pretty One Sleeps,http://images.amazon.com/images/P/0671673688.01.LZZZZZZZ.jpg
377,A Civil Action,http://images.amazon.com/images/P/0679772677.01.LZZZZZZZ.jpg
378,Good in Bed,http://images.amazon.com/images/P/0743418174.01.LZZZZZZZ.jpg
379,Jemima J: A Novel About Ugly Ducklings and Swans,http://images.amazon.com/images/P/0767905180.01.LZZZZZZZ.jpg
380,Don't Sweat the Small Stuff and It's All Small Stuff : Simple Ways to Keep the Little Things from Taking Over Your Life (Don't Sweat the Small Stuff Series),http://images.amazon.com/images/P/0786881852.01.LZZZZZZZ.jpg
381,"Welcome to the World, Baby Girl!",http://images.amazon.com/images/P/080411868X.01.LZZZZZZZ.jpg
382,Tribulation Force: The Continuing Drama of Those Left Behind (Left Behind No. 2),http://images.amazon.com/images/P/0842329218.01.LZZZZZZZ.jpg
383,Nicolae: The Rise of Antichrist (Left Behind No. 3),http://images.amazon.com/images/P/0842329242.01.LZZZZZZZ.jpg
384,What to Expect When You're Expecting (Revised Edition),http://images.amazon.com/images/P/089480829X.01.LZZZZZZZ.jpg
385,Beach House,http://images.amazon.com/images/P/1551668998.01.LZZZZZZZ.jpg
386,Chicken Soup for the Soul (Chicken Soup for the Soul),http://images.amazon.com/images/P/155874262X.01.LZZZZZZZ.jpg
387,Chicken Soup for the Woman's Soul (Chicken Soup for the Soul Series (Paper)),http://images.amazon.com/images/P/1558744150.01.LZZZZZZZ.jpg
388,Fahrenheit 451,https://dummyimage.com/200x200/000000/fff.png&text=No+Image+Preview
389,The Bean Trees,http://images.amazon.com/images/P/0060915544.01.LZZZZZZZ.jpg
390,Brave New World,http://images.amazon.com/images/P/0060929871.01.LZZZZZZZ.jpg
391,Life of Pi,http://images.amazon.com/images/P/0156027321.01.LZZZZZZZ.jpg
392,"River, Cross My Heart",http://images.amazon.com/images/P/0316899984.01.LZZZZZZZ.jpg
393,A Widow for One Year,http://images.amazon.com/images/P/0345424719.01.LZZZZZZZ.jpg
394,The Bluest Eye,http://images.amazon.com/images/P/0375411550.01.LZZZZZZZ.jpg
395,Blessings,http://images.amazon.com/images/P/0375502238.01.LZZZZZZZ.jpg
396,The Reader,http://images.amazon.com/images/P/0375707972.01.LZZZZZZZ.jpg
397,Vinegar Hill (Oprah's Book Club (Paperback)),http://images.amazon.com/images/P/0380730138.01.LZZZZZZZ.jpg
398,One True Thing,http://images.amazon.com/images/P/0385319207.01.LZZZZZZZ.jpg
399,Charming Billy,http://images.amazon.com/images/P/038533334X.01.LZZZZZZZ.jpg
400,The Pull of the Moon,http://images.amazon.com/images/P/0425176487.01.LZZZZZZZ.jpg
401,Song of Solomon (Oprah's Book Club (Paperback)),http://images.amazon.com/images/P/0452260116.01.LZZZZZZZ.jpg
402,We Were the Mulvaneys,http://images.amazon.com/images/P/0452282829.01.LZZZZZZZ.jpg
403,Falling Angels,http://images.amazon.com/images/P/0452283205.01.LZZZZZZZ.jpg
404,The Bonfire of the Vanities,http://images.amazon.com/images/P/0553275976.01.LZZZZZZZ.jpg
405,Harry Potter and the Sorcerer's Stone (Harry Potter (Paperback)),http://images.amazon.com/images/P/059035342X.01.LZZZZZZZ.jpg
406,Bridget Jones : The Edge of Reason,http://images.amazon.com/images/P/0670892963.01.LZZZZZZZ.jpg
407,Jewel,http://images.amazon.com/images/P/0671038184.01.LZZZZZZZ.jpg
408,Range of Motion,http://images.amazon.com/images/P/0679437452.01.LZZZZZZZ.jpg
409,Angela's Ashes: A Memoir,http://images.amazon.com/images/P/068484267X.01.LZZZZZZZ.jpg
410,STONES FROM THE RIVER,http://images.amazon.com/images/P/068484477X.01.LZZZZZZZ.jpg
411,Mother of Pearl,http://images.amazon.com/images/P/0786866276.01.LZZZZZZZ.jpg
412,Peace Like a River,http://images.amazon.com/images/P/0802139256.01.LZZZZZZZ.jpg
413,I Know This Much Is True,http://images.amazon.com/images/P/0060987561.01.LZZZZZZZ.jpg
414,The Red Tent (Bestselling Backlist),http://images.amazon.com/images/P/0312195516.01.LZZZZZZZ.jpg
415,The Hours : A Novel,http://images.amazon.com/images/P/0312243022.01.LZZZZZZZ.jpg
416,The Amazing Adventures of Kavalier &amp; Clay,http://images.amazon.com/images/P/0312282990.01.LZZZZZZZ.jpg
417,The Virgin Suicides,http://images.amazon.com/images/P/0446670251.01.LZZZZZZZ.jpg
418,"Girl, Interrupted",http://images.amazon.com/images/P/0679746048.01.LZZZZZZZ.jpg
419,Cold Mountain,http://images.amazon.com/images/P/0871136791.01.LZZZZZZZ.jpg
420,About a Boy,http://images.amazon.com/images/P/1573227331.01.LZZZZZZZ.jpg
421,High Fidelity,http://images.amazon.com/images/P/1573228214.01.LZZZZZZZ.jpg
422,How to Be Good,http://images.amazon.com/images/P/1573229326.01.LZZZZZZZ.jpg
423,Fast Food Nation: The Dark Side of the All-American Meal,http://images.amazon.com/images/P/0060938455.01.LZZZZZZZ.jpg
424,The Perfect Storm : A True Story of Men Against the Sea,http://images.amazon.com/images/P/006101351X.01.LZZZZZZZ.jpg
425,"The Bad Beginning (A Series of Unfortunate Events, Book 1)",http://images.amazon.com/images/P/0064407667.01.LZZZZZZZ.jpg
426,"The Reptile Room (A Series of Unfortunate Events, Book 2)",http://images.amazon.com/images/P/0064407675.01.LZZZZZZZ.jpg
427,Slammerkin,http://images.amazon.com/images/P/0156007479.01.LZZZZZZZ.jpg
428,The Crimson Petal and the White,http://images.amazon.com/images/P/0156028778.01.LZZZZZZZ.jpg
429,Seven Up (A Stephanie Plum Novel),http://images.amazon.com/images/P/0312980140.01.LZZZZZZZ.jpg
430,Full House (Janet Evanovich's Full Series),http://images.amazon.com/images/P/0312983271.01.LZZZZZZZ.jpg
431,The Lost World,https://dummyimage.com/200x200/000000/fff.png&text=No+Image+Preview
432,The Angel of Darkness,http://images.amazon.com/images/P/0345427637.01.LZZZZZZZ.jpg
433,Seabiscuit,http://images.amazon.com/images/P/0345465083.01.LZZZZZZZ.jpg
434,Body of Evidence (Kay Scarpetta Mysteries (Paperback)),http://images.amazon.com/images/P/0380717018.01.LZZZZZZZ.jpg
435,Cruel &amp; Unusual (Kay Scarpetta Mysteries (Paperback)),http://images.amazon.com/images/P/0380718340.01.LZZZZZZZ.jpg
436,"Lamb : The Gospel According to Biff, Christ's Childhood Pal",http://images.amazon.com/images/P/0380813815.01.LZZZZZZZ.jpg
437,The Wedding,http://images.amazon.com/images/P/0385471432.01.LZZZZZZZ.jpg
438,The Blind Assassin,http://images.amazon.com/images/P/0385475721.01.LZZZZZZZ.jpg
439,The Hot Zone,http://images.amazon.com/images/P/0385479565.01.LZZZZZZZ.jpg
440,The Devil Wears Prada : A Novel,http://images.amazon.com/images/P/038550926X.01.LZZZZZZZ.jpg
441,Without Remorse,http://images.amazon.com/images/P/0399138250.01.LZZZZZZZ.jpg
442,Fatherhood,http://images.amazon.com/images/P/0425097722.01.LZZZZZZZ.jpg
443,The Smoke Jumper,http://images.amazon.com/images/P/0440235162.01.LZZZZZZZ.jpg
444,Nerd in Shining Armor,http://images.amazon.com/images/P/0440241162.01.LZZZZZZZ.jpg
445,Holes (Yearling Newbery),http://images.amazon.com/images/P/0440414806.01.LZZZZZZZ.jpg
446,"Dude, Where's My Country?",http://images.amazon.com/images/P/0446532231.01.LZZZZZZZ.jpg
447,Sick Puppy,http://images.amazon.com/images/P/0446604666.01.LZZZZZZZ.jpg
448,The Rescue,http://images.amazon.com/images/P/0446610399.01.LZZZZZZZ.jpg
449,L Is for Lawless,http://images.amazon.com/images/P/0449221490.01.LZZZZZZZ.jpg
450,Homecoming,http://images.amazon.com/images/P/0449702545.01.LZZZZZZZ.jpg
451,The Most Wanted,http://images.amazon.com/images/P/0451196856.01.LZZZZZZZ.jpg
452,4 Blondes,http://images.amazon.com/images/P/0451203895.01.LZZZZZZZ.jpg
453,The Bourne Identity,http://images.amazon.com/images/P/0553260111.01.LZZZZZZZ.jpg
454,CAT'S EYE,http://images.amazon.com/images/P/0553282476.01.LZZZZZZZ.jpg
455,Dying for Chocolate (Culinary Mysteries (Paperback)),http://images.amazon.com/images/P/0553560247.01.LZZZZZZZ.jpg
456,The Grilling Season,http://images.amazon.com/images/P/0553574663.01.LZZZZZZZ.jpg
457,Prime Cut,http://images.amazon.com/images/P/0553574671.01.LZZZZZZZ.jpg
458,Tough Cookie,http://images.amazon.com/images/P/0553578308.01.LZZZZZZZ.jpg
459,Jewel (Oprah's Book Club),http://images.amazon.com/images/P/0671042572.01.LZZZZZZZ.jpg
460,FORREST GUMP (Movie Tie in),http://images.amazon.com/images/P/0671894455.01.LZZZZZZZ.jpg
461,"All the Pretty Horses (The Border Trilogy, Vol 1)",http://images.amazon.com/images/P/0679744398.01.LZZZZZZZ.jpg
462,The English Patient,http://images.amazon.com/images/P/0679745203.01.LZZZZZZZ.jpg
463,The Diary of Ellen Rimbauer: My Life at Rose Red,http://images.amazon.com/images/P/0786868015.01.LZZZZZZZ.jpg
464,It Was on Fire When I Lay Down on It,http://images.amazon.com/images/P/0804105820.01.LZZZZZZZ.jpg
465,The Hundred Secret Senses,http://images.amazon.com/images/P/080411109X.01.LZZZZZZZ.jpg
466,Ender's Game (Ender Wiggins Saga (Paperback)),http://images.amazon.com/images/P/0812550706.01.LZZZZZZZ.jpg
467,Morality for Beautiful Girls (No.1 Ladies Detective Agency),http://images.amazon.com/images/P/1400031362.01.LZZZZZZZ.jpg
468,Pop Goes the Weasel,http://images.amazon.com/images/P/0316693286.01.LZZZZZZZ.jpg
469,Unnatural Exposure,http://images.amazon.com/images/P/0399142851.01.LZZZZZZZ.jpg
470,The Last Precinct,http://images.amazon.com/images/P/0399146253.01.LZZZZZZZ.jpg
471,Pleading Guilty,http://images.amazon.com/images/P/0446365505.01.LZZZZZZZ.jpg
472,Kiss the Girls,http://images.amazon.com/images/P/0446601241.01.LZZZZZZZ.jpg
473,Exclusive,http://images.amazon.com/images/P/0446604232.01.LZZZZZZZ.jpg
474,A Darkness More Than Night,http://images.amazon.com/images/P/0446667900.01.LZZZZZZZ.jpg
475,A Thin Dark Line (Mysteries &amp; Horror),http://images.amazon.com/images/P/0553571885.01.LZZZZZZZ.jpg
476,You Belong To Me,http://images.amazon.com/images/P/0671004549.01.LZZZZZZZ.jpg
477,Death du Jour,http://images.amazon.com/images/P/0671011375.01.LZZZZZZZ.jpg
478,All Around the Town,http://images.amazon.com/images/P/0671793489.01.LZZZZZZZ.jpg
479,Eyes of a Child,http://images.amazon.com/images/P/0679429883.01.LZZZZZZZ.jpg
480,Love in the Time of Cholera (Penguin Great Books of the 20th Century),http://images.amazon.com/images/P/0140119906.01.LZZZZZZZ.jpg
481,Icy Sparks,http://images.amazon.com/images/P/0142000205.01.LZZZZZZZ.jpg
482,Four To Score (A Stephanie Plum Novel),http://images.amazon.com/images/P/0312966970.01.LZZZZZZZ.jpg
483,High Five (A Stephanie Plum Novel),http://images.amazon.com/images/P/0312971346.01.LZZZZZZZ.jpg
484,Hot Six : A Stephanie Plum Novel (A Stephanie Plum Novel),http://images.amazon.com/images/P/0312976275.01.LZZZZZZZ.jpg
485,Big Stone Gap: A Novel (Ballantine Reader's Circle),http://images.amazon.com/images/P/0345438329.01.LZZZZZZZ.jpg
486,The Surgeon,http://images.amazon.com/images/P/0345447840.01.LZZZZZZZ.jpg
487,Three Junes,http://images.amazon.com/images/P/0375422412.01.LZZZZZZZ.jpg
488,Sisterhood of the Traveling Pants,http://images.amazon.com/images/P/0385730586.01.LZZZZZZZ.jpg
489,Q Is for Quarry,http://images.amazon.com/images/P/0399149155.01.LZZZZZZZ.jpg
490,Outlander,http://images.amazon.com/images/P/0440212561.01.LZZZZZZZ.jpg
491,1st to Die: A Novel,http://images.amazon.com/images/P/0446610038.01.LZZZZZZZ.jpg
492,Suzanne's Diary for Nicholas,http://images.amazon.com/images/P/0446611085.01.LZZZZZZZ.jpg
493,The Green Mile,http://images.amazon.com/images/P/0671041789.01.LZZZZZZZ.jpg
494,Schindler's List,http://images.amazon.com/images/P/0671880314.01.LZZZZZZZ.jpg
495,Miss Julia Speaks Her Mind : A Novel,http://images.amazon.com/images/P/0688177751.01.LZZZZZZZ.jpg
496,The Other Boleyn Girl,http://images.amazon.com/images/P/0743227441.01.LZZZZZZZ.jpg
497,Everything's Eventual : 14 Dark Tales,http://images.amazon.com/images/P/0743235150.01.LZZZZZZZ.jpg
498,Prodigal Summer,http://images.amazon.com/images/P/0060199652.01.LZZZZZZZ.jpg
499,Pigs in Heaven,http://images.amazon.com/images/P/0060922532.01.LZZZZZZZ.jpg
500,The Saving Graces: A Novel,http://images.amazon.com/images/P/0061097101.01.LZZZZZZZ.jpg
501,Jacob Have I Loved,http://images.amazon.com/images/P/0064403688.01.LZZZZZZZ.jpg
502,Crazy for You,http://images.amazon.com/images/P/0312198493.01.LZZZZZZZ.jpg
503,September,http://images.amazon.com/images/P/0312924801.01.LZZZZZZZ.jpg
504,The Weight of Water : A Novel Tag: Author of Resistance and Strange Fits of Passion,http://images.amazon.com/images/P/0316780375.01.LZZZZZZZ.jpg
505,Fortune's Rocks: A Novel,http://images.amazon.com/images/P/0316781010.01.LZZZZZZZ.jpg
506,What Looks Like Crazy On An Ordinary Day,http://images.amazon.com/images/P/038079487X.01.LZZZZZZZ.jpg
507,Evening Class,http://images.amazon.com/images/P/0385318073.01.LZZZZZZZ.jpg
508,Shopaholic Ties the Knot,http://images.amazon.com/images/P/0385336179.01.LZZZZZZZ.jpg
509,Beach Music,http://images.amazon.com/images/P/0385413041.01.LZZZZZZZ.jpg
510,Sanctuary,http://images.amazon.com/images/P/0399142401.01.LZZZZZZZ.jpg
511,Echoes,http://images.amazon.com/images/P/0440122090.01.LZZZZZZZ.jpg
512,The Burden of Proof,http://images.amazon.com/images/P/0446360589.01.LZZZZZZZ.jpg
513,Four Blind Mice,http://images.amazon.com/images/P/0446613266.01.LZZZZZZZ.jpg
514,Scarlet Feather,http://images.amazon.com/images/P/0451203771.01.LZZZZZZZ.jpg
515,Quentins,http://images.amazon.com/images/P/0525946829.01.LZZZZZZZ.jpg
516,Wifey,http://images.amazon.com/images/P/0671693816.01.LZZZZZZZ.jpg
517,Smart Women,http://images.amazon.com/images/P/0671727583.01.LZZZZZZZ.jpg
518,Under the Tuscan Sun,http://images.amazon.com/images/P/0767900383.01.LZZZZZZZ.jpg
519,84 Charing Cross Road,http://images.amazon.com/images/P/0140143505.01.LZZZZZZZ.jpg
520,Hard Eight : A Stephanie Plum Novel (A Stephanie Plum Novel),http://images.amazon.com/images/P/0312265859.01.LZZZZZZZ.jpg
521,To the Nines: A Stephanie Plum Novel,http://images.amazon.com/images/P/0312265867.01.LZZZZZZZ.jpg
522,Fast Women,http://images.amazon.com/images/P/0312980159.01.LZZZZZZZ.jpg
523,One for the Money (A Stephanie Plum Novel),http://images.amazon.com/images/P/0312990456.01.LZZZZZZZ.jpg
524,The Pilot's Wife : A Novel,http://images.amazon.com/images/P/0316601950.01.LZZZZZZZ.jpg
525,The Last Time They Met : A Novel,http://images.amazon.com/images/P/0316781266.01.LZZZZZZZ.jpg
526,Gorky Park,http://images.amazon.com/images/P/0345298349.01.LZZZZZZZ.jpg
527,Cold Mountain : A Novel,http://images.amazon.com/images/P/0375700757.01.LZZZZZZZ.jpg
528,White Teeth: A Novel,http://images.amazon.com/images/P/0375703861.01.LZZZZZZZ.jpg
529,The Idiot Girls' Action Adventure Club,http://images.amazon.com/images/P/0375760911.01.LZZZZZZZ.jpg
530,A Map of the World,http://images.amazon.com/images/P/0385720106.01.LZZZZZZZ.jpg
531,Atonement : A Novel,http://images.amazon.com/images/P/038572179X.01.LZZZZZZZ.jpg
532,Blue Diary,http://images.amazon.com/images/P/0425184943.01.LZZZZZZZ.jpg
533,Devices and Desires,http://images.amazon.com/images/P/0446359750.01.LZZZZZZZ.jpg
534,The Celestine Prophecy (Celestine Prophecy),http://images.amazon.com/images/P/044651862X.01.LZZZZZZZ.jpg
535,The Beach House,http://images.amazon.com/images/P/0446612545.01.LZZZZZZZ.jpg
536,N Is for Noose,http://images.amazon.com/images/P/0449223612.01.LZZZZZZZ.jpg
537,Moo,http://images.amazon.com/images/P/0449910237.01.LZZZZZZZ.jpg
538,Ladder of Years,http://images.amazon.com/images/P/0449910571.01.LZZZZZZZ.jpg
539,How Stella Got Her Groove Back,http://images.amazon.com/images/P/0451197410.01.LZZZZZZZ.jpg
540,Bastard Out of Carolina,http://images.amazon.com/images/P/0452269571.01.LZZZZZZZ.jpg
541,Paradise,http://images.amazon.com/images/P/0452280397.01.LZZZZZZZ.jpg
542,Final Target,http://images.amazon.com/images/P/0553582135.01.LZZZZZZZ.jpg
543,Notes from a Small Island,http://images.amazon.com/images/P/0688147259.01.LZZZZZZZ.jpg
544,Fall On Your Knees (Oprah #45),http://images.amazon.com/images/P/0743237188.01.LZZZZZZZ.jpg
545,In Her Shoes : A Novel,http://images.amazon.com/images/P/0743418190.01.LZZZZZZZ.jpg
546,Secret History,http://images.amazon.com/images/P/0804111359.01.LZZZZZZZ.jpg
547,A Fine Balance,http://images.amazon.com/images/P/140003065X.01.LZZZZZZZ.jpg
548,Fingersmith,http://images.amazon.com/images/P/1573229725.01.LZZZZZZZ.jpg
549,Sea Glass: A Novel,http://images.amazon.com/images/P/0316780812.01.LZZZZZZZ.jpg
550,Killjoy,http://images.amazon.com/images/P/0345453816.01.LZZZZZZZ.jpg
551,Accident,https://dummyimage.com/200x200/000000/fff.png&text=No+Image+Preview
552,Bleachers,http://images.amazon.com/images/P/0385511612.01.LZZZZZZZ.jpg
553,Choke,http://images.amazon.com/images/P/0385720920.01.LZZZZZZZ.jpg
554,Small Town Girl,http://images.amazon.com/images/P/0399142495.01.LZZZZZZZ.jpg
555,Fine Things,http://images.amazon.com/images/P/0440200563.01.LZZZZZZZ.jpg
556,Black and Blue,http://images.amazon.com/images/P/0440226104.01.LZZZZZZZ.jpg
557,Envy,http://images.amazon.com/images/P/0446527130.01.LZZZZZZZ.jpg
558,The Guardian,http://images.amazon.com/images/P/0446527793.01.LZZZZZZZ.jpg
559,Nights in Rodanthe,http://images.amazon.com/images/P/0446531332.01.LZZZZZZZ.jpg
560,Nightmares &amp; Dreamscapes,http://images.amazon.com/images/P/0451180232.01.LZZZZZZZ.jpg
561,From the Corner of His Eye,http://images.amazon.com/images/P/0553582747.01.LZZZZZZZ.jpg
562,Back Roads,http://images.amazon.com/images/P/0670894184.01.LZZZZZZZ.jpg
563,On the Street Where You Live,http://images.amazon.com/images/P/0671004530.01.LZZZZZZZ.jpg
564,The Summerhouse,http://images.amazon.com/images/P/0671014188.01.LZZZZZZZ.jpg
565,The Little Friend,http://images.amazon.com/images/P/0679439382.01.LZZZZZZZ.jpg
566,The Woman Next Door,http://images.amazon.com/images/P/0743411250.01.LZZZZZZZ.jpg
567,Remember Me,http://images.amazon.com/images/P/1551669676.01.LZZZZZZZ.jpg
568,Bridge to Terabithia,https://dummyimage.com/200x200/000000/fff.png&text=No+Image+Preview
569,Lake Wobegon days,https://dummyimage.com/200x200/000000/fff.png&text=No+Image+Preview
570,I Capture the Castle,http://images.amazon.com/images/P/0312201656.01.LZZZZZZZ.jpg
571,Silence of the Lambs,http://images.amazon.com/images/P/0312924585.01.LZZZZZZZ.jpg
572,Fortune's Rocks : A Novel,http://images.amazon.com/images/P/0316678104.01.LZZZZZZZ.jpg
573,Rebecca,http://images.amazon.com/images/P/0380778556.01.LZZZZZZZ.jpg
574,"Like Water for Chocolate: A Novel in Monthly Installments With Recipes, Romances and Home Remedies",https://dummyimage.com/200x200/000000/fff.png&text=No+Image+Preview
575,Clear and Present Danger (Jack Ryan Novels),https://dummyimage.com/200x200/000000/fff.png&text=No+Image+Preview
576,Chosen Prey,http://images.amazon.com/images/P/0425182878.01.LZZZZZZZ.jpg
577,Shell Seekers,https://dummyimage.com/200x200/000000/fff.png&text=No+Image+Preview
578,Absolute Power,http://images.amazon.com/images/P/0446519960.01.LZZZZZZZ.jpg
579,"\O\"" Is for Outlaw""",http://images.amazon.com/images/P/0449003787.01.LZZZZZZZ.jpg
580,G Is for Gumshoe (Kinsey Millhone Mysteries (Paperback)),http://images.amazon.com/images/P/0449219364.01.LZZZZZZZ.jpg
581,H Is for Homicide (Kinsey Millhone Mysteries (Paperback)),http://images.amazon.com/images/P/0449219461.01.LZZZZZZZ.jpg
582,Pride and Prejudice,https://dummyimage.com/200x200/000000/fff.png&text=No+Image+Preview
583,Anne of Green Gables (Anne of Green Gables Novels (Paperback)),http://images.amazon.com/images/P/0553153277.01.LZZZZZZZ.jpg
584,Anne of Avonlea (Anne of Green Gables Novels (Paperback)),http://images.amazon.com/images/P/0553213148.01.LZZZZZZZ.jpg
585,The House of the Spirits,http://images.amazon.com/images/P/0553273914.01.LZZZZZZZ.jpg
586,The Blue Nowhere : A Novel,http://images.amazon.com/images/P/0671042262.01.LZZZZZZZ.jpg
587,WLD ACCORDNG GARP,https://dummyimage.com/200x200/000000/fff.png&text=No+Image+Preview
588,The Lottery Winner : Alvirah And Willy Stories,http://images.amazon.com/images/P/0671867172.01.LZZZZZZZ.jpg
589,Hearts in Atlantis,http://images.amazon.com/images/P/0743436210.01.LZZZZZZZ.jpg
590,"A Child Called \It\"": One Child's Courage to Survive""",http://images.amazon.com/images/P/1558743669.01.LZZZZZZZ.jpg
591,The Lost Boy: A Foster Child's Search for the Love of a Family,http://images.amazon.com/images/P/1558745157.01.LZZZZZZZ.jpg
592,The Stone Diaries,http://images.amazon.com/images/P/014023313X.01.LZZZZZZZ.jpg
593,The Rapture of Canaan,http://images.amazon.com/images/P/0425162443.01.LZZZZZZZ.jpg
594,Dragonfly in Amber,http://images.amazon.com/images/P/0440215625.01.LZZZZZZZ.jpg
595,The Loop,http://images.amazon.com/images/P/0440224624.01.LZZZZZZZ.jpg
596,Cold Sassy Tree,https://dummyimage.com/200x200/000000/fff.png&text=No+Image+Preview
597,Anne of the Island,http://images.amazon.com/images/P/0553213172.01.LZZZZZZZ.jpg
598,Faking It,http://images.amazon.com/images/P/0312284683.01.LZZZZZZZ.jpg
599,Tell Me Lies (Tell Me Lies),http://images.amazon.com/images/P/0312966806.01.LZZZZZZZ.jpg
600,The Bachelor (Warner Books Contemporary Romance),http://images.amazon.com/images/P/0446610542.01.LZZZZZZZ.jpg
601,Dances With Wolves,http://images.amazon.com/images/P/0449134482.01.LZZZZZZZ.jpg
602,Impulse,http://images.amazon.com/images/P/0451204301.01.LZZZZZZZ.jpg
603,Winter Solstice,http://images.amazon.com/images/P/0312978383.01.LZZZZZZZ.jpg
604,Sophie's World: A Novel About the History of Philosophy,http://images.amazon.com/images/P/0425152251.01.LZZZZZZZ.jpg
605,Whispers,http://images.amazon.com/images/P/0440216745.01.LZZZZZZZ.jpg
606,The Winner,http://images.amazon.com/images/P/0446606324.01.LZZZZZZZ.jpg
607,Dream Country,http://images.amazon.com/images/P/055358264X.01.LZZZZZZZ.jpg
608,Bag of Bones,http://images.amazon.com/images/P/067102423X.01.LZZZZZZZ.jpg
609,Seven Habits Of Highly Effective People,http://images.amazon.com/images/P/0671708635.01.LZZZZZZZ.jpg
610,Dark Paradise,http://images.amazon.com/images/P/0553561618.01.LZZZZZZZ.jpg
611,A Day Late and a Dollar Short,http://images.amazon.com/images/P/0670896764.01.LZZZZZZZ.jpg
612,Angels &amp; Demons,http://images.amazon.com/images/P/0671027360.01.LZZZZZZZ.jpg
613,Digital Fortress : A Thriller,http://images.amazon.com/images/P/0312263120.01.LZZZZZZZ.jpg
614,Black House,http://images.amazon.com/images/P/0345441036.01.LZZZZZZZ.jpg
615,Easy Prey,http://images.amazon.com/images/P/039914613X.01.LZZZZZZZ.jpg
616,Eyes of Prey,http://images.amazon.com/images/P/0425132048.01.LZZZZZZZ.jpg
617,Mortal Prey,http://images.amazon.com/images/P/0425189864.01.LZZZZZZZ.jpg
618,Message from Nam,http://images.amazon.com/images/P/0440209412.01.LZZZZZZZ.jpg
619,It,https://dummyimage.com/200x200/000000/fff.png&text=No+Image+Preview
620,Cujo,http://images.amazon.com/images/P/0451161351.01.LZZZZZZZ.jpg
621,"The Drawing of the Three (The Dark Tower, Book 2)",http://images.amazon.com/images/P/0451163524.01.LZZZZZZZ.jpg
622,Skeleton Crew,http://images.amazon.com/images/P/0451168615.01.LZZZZZZZ.jpg
623,Desperation,http://images.amazon.com/images/P/0451188462.01.LZZZZZZZ.jpg
624,Sphere,http://images.amazon.com/images/P/0345353145.01.LZZZZZZZ.jpg
625,The Mummy or Ramses the Damned,http://images.amazon.com/images/P/0345369947.01.LZZZZZZZ.jpg
626,The Andromeda Strain,http://images.amazon.com/images/P/0345378482.01.LZZZZZZZ.jpg
627,Violin,http://images.amazon.com/images/P/0345389425.01.LZZZZZZZ.jpg
628,Shattered,http://images.amazon.com/images/P/0425099334.01.LZZZZZZZ.jpg
629,Phantoms,https://dummyimage.com/200x200/000000/fff.png&text=No+Image+Preview
630,Shadowfires,http://images.amazon.com/images/P/0425136981.01.LZZZZZZZ.jpg
631,Slaughterhouse Five or the Children's Crusade: A Duty Dance With Death,http://images.amazon.com/images/P/0440180295.01.LZZZZZZZ.jpg
632,Carrie,http://images.amazon.com/images/P/0671039725.01.LZZZZZZZ.jpg
633,The Fourth Hand,http://images.amazon.com/images/P/0375506276.01.LZZZZZZZ.jpg
634,That Camden Summer,http://images.amazon.com/images/P/0399141200.01.LZZZZZZZ.jpg
635,Here on Earth,http://images.amazon.com/images/P/0425167313.01.LZZZZZZZ.jpg
636,P Is for Peril,http://images.amazon.com/images/P/0449003795.01.LZZZZZZZ.jpg
637,Anne Frank: The Diary of a Young Girl,http://images.amazon.com/images/P/0553296981.01.LZZZZZZZ.jpg
638,Contact,http://images.amazon.com/images/P/0671004107.01.LZZZZZZZ.jpg
639,Animal Dreams,http://images.amazon.com/images/P/0060921145.01.LZZZZZZZ.jpg
640,Monster : A Novel (Alex Delaware Novels (Paperback)),http://images.amazon.com/images/P/0345413873.01.LZZZZZZZ.jpg
641,A Virtuous Woman (Oprah's Book Club (Paperback)),http://images.amazon.com/images/P/0375703063.01.LZZZZZZZ.jpg
642,The Bad Place,http://images.amazon.com/images/P/0425124347.01.LZZZZZZZ.jpg
643,Betrayal in Death,http://images.amazon.com/images/P/0425178579.01.LZZZZZZZ.jpg
644,Weep No More My Lady,http://images.amazon.com/images/P/0440200989.01.LZZZZZZZ.jpg
645,Granny Dan,http://images.amazon.com/images/P/0440224829.01.LZZZZZZZ.jpg
646,The First Counsel,http://images.amazon.com/images/P/044661064X.01.LZZZZZZZ.jpg
647,I Is for Innocent,http://images.amazon.com/images/P/0449221512.01.LZZZZZZZ.jpg
648,Guilty as Sin,http://images.amazon.com/images/P/0553564528.01.LZZZZZZZ.jpg
649,The Temple of My Familiar,http://images.amazon.com/images/P/0671683993.01.LZZZZZZZ.jpg
650,Airframe,http://images.amazon.com/images/P/0679446486.01.LZZZZZZZ.jpg
651,Tis : A Memoir,http://images.amazon.com/images/P/0684848783.01.LZZZZZZZ.jpg
652,The Terminal Man,http://images.amazon.com/images/P/0060092572.01.LZZZZZZZ.jpg
653,I Know This Much Is True (Oprah's Book Club),http://images.amazon.com/images/P/0060391626.01.LZZZZZZZ.jpg
654,Prodigal Summer: A Novel,http://images.amazon.com/images/P/0060959037.01.LZZZZZZZ.jpg
655,Colony,http://images.amazon.com/images/P/0061099708.01.LZZZZZZZ.jpg
656,The Eyre Affair: A Novel,http://images.amazon.com/images/P/0142001805.01.LZZZZZZZ.jpg
657,Taltos: Lives of the Mayfair Witches,http://images.amazon.com/images/P/0345404319.01.LZZZZZZZ.jpg
658,Billy Straight : A Novel,http://images.amazon.com/images/P/0345413865.01.LZZZZZZZ.jpg
659,Drowning Ruth (Oprah's Book Club),http://images.amazon.com/images/P/0345439104.01.LZZZZZZZ.jpg
660,"Truly, Madly Manhattan",http://images.amazon.com/images/P/0373218036.01.LZZZZZZZ.jpg
661,Engaging The Enemy,http://images.amazon.com/images/P/0373218192.01.LZZZZZZZ.jpg
662,Summer Pleasures,http://images.amazon.com/images/P/0373218397.01.LZZZZZZZ.jpg
663,Macgregor Brides (Macgregors),http://images.amazon.com/images/P/0373483503.01.LZZZZZZZ.jpg
664,Macgregor Grooms (Macgregors),http://images.amazon.com/images/P/0373483694.01.LZZZZZZZ.jpg
665,Stanislaski Brothers (Silhouette Promo),http://images.amazon.com/images/P/0373484224.01.LZZZZZZZ.jpg
666,Second Nature,http://images.amazon.com/images/P/0385312660.01.LZZZZZZZ.jpg
667,Journey,http://images.amazon.com/images/P/0385316879.01.LZZZZZZZ.jpg
668,The Ghost,http://images.amazon.com/images/P/038531695X.01.LZZZZZZZ.jpg
669,"The Return of the King (The Lord of the Rings, Part 3)",http://images.amazon.com/images/P/0395272211.01.LZZZZZZZ.jpg
670,Mr. Murder,https://dummyimage.com/200x200/000000/fff.png&text=No+Image+Preview
671,Practical Magic,https://dummyimage.com/200x200/000000/fff.png&text=No+Image+Preview
672,Vector,http://images.amazon.com/images/P/0399144714.01.LZZZZZZZ.jpg
673,Riptide,http://images.amazon.com/images/P/0399146164.01.LZZZZZZZ.jpg
674,The Villa,http://images.amazon.com/images/P/0399147128.01.LZZZZZZZ.jpg
675,Midnight Bayou,http://images.amazon.com/images/P/0399148248.01.LZZZZZZZ.jpg
676,Three Fates,https://dummyimage.com/200x200/000000/fff.png&text=No+Image+Preview
677,Red Storm Rising,http://images.amazon.com/images/P/042510107X.01.LZZZZZZZ.jpg
678,Patriot Games (Jack Ryan Novels),http://images.amazon.com/images/P/0425109720.01.LZZZZZZZ.jpg
679,Debt of Honor (Jack Ryan Novels),http://images.amazon.com/images/P/0425147584.01.LZZZZZZZ.jpg
680,Toxin,http://images.amazon.com/images/P/0425166619.01.LZZZZZZZ.jpg
681,Portrait in Death,http://images.amazon.com/images/P/0425189031.01.LZZZZZZZ.jpg
682,The Cradle Will Fall,https://dummyimage.com/200x200/000000/fff.png&text=No+Image+Preview
683,Kaleidoscope,http://images.amazon.com/images/P/0440201926.01.LZZZZZZZ.jpg
684,Zoya,http://images.amazon.com/images/P/0440203856.01.LZZZZZZZ.jpg
685,The Carousel,http://images.amazon.com/images/P/0440216842.01.LZZZZZZZ.jpg
686,Voyager,http://images.amazon.com/images/P/0440217563.01.LZZZZZZZ.jpg
687,Nothing Lasts Forever,http://images.amazon.com/images/P/0446354732.01.LZZZZZZZ.jpg
688,Last Man Standing,http://images.amazon.com/images/P/0446525804.01.LZZZZZZZ.jpg
689,The Switch,http://images.amazon.com/images/P/0446527033.01.LZZZZZZZ.jpg
690,Wish You Well,http://images.amazon.com/images/P/0446527165.01.LZZZZZZZ.jpg
691,Plum Island,http://images.amazon.com/images/P/0446605409.01.LZZZZZZZ.jpg
692,Cat &amp; Mouse (Alex Cross Novels),http://images.amazon.com/images/P/0446606189.01.LZZZZZZZ.jpg
693,Tell Me Your Dreams,http://images.amazon.com/images/P/0446607207.01.LZZZZZZZ.jpg
694,The Simple Truth,http://images.amazon.com/images/P/0446607711.01.LZZZZZZZ.jpg
695,M Is for Malice,http://images.amazon.com/images/P/0449223604.01.LZZZZZZZ.jpg
696,The Pillars of the Earth,http://images.amazon.com/images/P/0451166892.01.LZZZZZZZ.jpg
697,"Wizard and Glass (The Dark Tower, Book 4)",http://images.amazon.com/images/P/0452279178.01.LZZZZZZZ.jpg
698,Montana Sky,http://images.amazon.com/images/P/0515120618.01.LZZZZZZZ.jpg
699,Sea Swept (Quinn Brothers (Paperback)),http://images.amazon.com/images/P/0515121843.01.LZZZZZZZ.jpg
700,Inner Harbor (Quinn Brothers (Paperback)),http://images.amazon.com/images/P/0515124214.01.LZZZZZZZ.jpg
701,Homeport,http://images.amazon.com/images/P/0515124893.01.LZZZZZZZ.jpg
702,Heart of the Sea (Irish Trilogy),http://images.amazon.com/images/P/0515128554.01.LZZZZZZZ.jpg
703,Key of Light (Key Trilogy (Paperback)),http://images.amazon.com/images/P/051513628X.01.LZZZZZZZ.jpg
704,Key of Knowledge (Key Trilogy (Paperback)),http://images.amazon.com/images/P/0515136379.01.LZZZZZZZ.jpg
705,"Key of Valor (Roberts, Nora. Key Trilogy, 3.)",http://images.amazon.com/images/P/0515136530.01.LZZZZZZZ.jpg
706,Wuthering Heights,http://images.amazon.com/images/P/0553212583.01.LZZZZZZZ.jpg
707,A Great Deliverance,http://images.amazon.com/images/P/0553278029.01.LZZZZZZZ.jpg
708,The Plains of Passage (Earth's Children (Paperback)),http://images.amazon.com/images/P/0553289411.01.LZZZZZZZ.jpg
709,Carnal Innocence,http://images.amazon.com/images/P/0553295977.01.LZZZZZZZ.jpg
710,Cry Wolf,http://images.amazon.com/images/P/055356160X.01.LZZZZZZZ.jpg
711,The Ugly Duckling,http://images.amazon.com/images/P/0553569910.01.LZZZZZZZ.jpg
712,The Face of Deception,http://images.amazon.com/images/P/0553578022.01.LZZZZZZZ.jpg
713,The Next Accident,http://images.amazon.com/images/P/0553578693.01.LZZZZZZZ.jpg
714,The Killing Game: Only One Can Win...and the Loser Dies,http://images.amazon.com/images/P/0553581554.01.LZZZZZZZ.jpg
715,The Search,http://images.amazon.com/images/P/0553582127.01.LZZZZZZZ.jpg
716,Before I Say Good-Bye,http://images.amazon.com/images/P/0671004573.01.LZZZZZZZ.jpg
717,Deja Dead,http://images.amazon.com/images/P/0671011367.01.LZZZZZZZ.jpg
718,"Forever... : A Novel of Good and Evil, Love and Hope",http://images.amazon.com/images/P/067101420X.01.LZZZZZZZ.jpg
719,The Mulberry Tree,http://images.amazon.com/images/P/0671014218.01.LZZZZZZZ.jpg
720,The Empty Chair,http://images.amazon.com/images/P/0671026011.01.LZZZZZZZ.jpg
721,Deception Point,http://images.amazon.com/images/P/0671027387.01.LZZZZZZZ.jpg
722,Heartbreaker,http://images.amazon.com/images/P/0671032992.01.LZZZZZZZ.jpg
723,Now You See Her,http://images.amazon.com/images/P/0671034057.01.LZZZZZZZ.jpg
724,The Girl Who Loved Tom Gordon,http://images.amazon.com/images/P/0671042858.01.LZZZZZZZ.jpg
725,Harvest,http://images.amazon.com/images/P/067155302X.01.LZZZZZZZ.jpg
726,Let Me Call You Sweetheart,http://images.amazon.com/images/P/0671568175.01.LZZZZZZZ.jpg
727,The Great Gatsby,http://images.amazon.com/images/P/0684801523.01.LZZZZZZZ.jpg
728,Tis: A Memoir,http://images.amazon.com/images/P/0684865742.01.LZZZZZZZ.jpg
729,Deck the Halls (Holiday Classics),http://images.amazon.com/images/P/0743418131.01.LZZZZZZZ.jpg
730,The Shining,http://images.amazon.com/images/P/0743424425.01.LZZZZZZZ.jpg
731,Left Behind: A Novel of the Earth's Last Days (Left Behind No. 1),http://images.amazon.com/images/P/0842329129.01.LZZZZZZZ.jpg
732,Dead Run,http://images.amazon.com/images/P/1551666839.01.LZZZZZZZ.jpg
733,Bittersweet,http://images.amazon.com/images/P/0440224845.01.LZZZZZZZ.jpg
734,Rose Madder,http://images.amazon.com/images/P/0451186362.01.LZZZZZZZ.jpg
735,Guilty Pleasures (Anita Blake Vampire Hunter (Paperback)),http://images.amazon.com/images/P/0441304834.01.LZZZZZZZ.jpg
736,Drums of Autumn,http://images.amazon.com/images/P/0770427758.01.LZZZZZZZ.jpg
737,Birthright,http://images.amazon.com/images/P/0515137111.01.LZZZZZZZ.jpg
738,Pretend You Don't See Her,http://images.amazon.com/images/P/0671867156.01.LZZZZZZZ.jpg
739,Dark Angel,https://dummyimage.com/200x200/000000/fff.png&text=No+Image+Preview
740,Still Waters,http://images.amazon.com/images/P/0553292722.01.LZZZZZZZ.jpg
741,And Then You Die,http://images.amazon.com/images/P/0553579983.01.LZZZZZZZ.jpg
